{"cameraMode":{"drawMode":0,"name":"Shaded","section":"Shading Mode"},"sceneLighting":true,"audioPlay":false,"sceneViewState":{"showFog":true,"showMaterialUpdate":true,"showSkybox":true,"showFlares":true,"showImageEffects":true,"showParticleSystems":true},"in2DMode":false,"pivot":{"x":-98.58817291259766,"y":-645.6005859375,"z":-147.1846923828125},"rotation":{"x":-0.13381023705005647,"y":0.8469813466072083,"z":-0.25359290838241579,"w":-0.4476695954799652},"size":746.1159057617188,"orthographic":false}