{"cameraMode":{"drawMode":0,"name":"Shaded","section":"Shading Mode"},"sceneLighting":false,"audioPlay":false,"sceneViewState":{"showFog":true,"showMaterialUpdate":false,"showSkybox":true,"showFlares":true,"showImageEffects":true,"showParticleSystems":true},"in2DMode":false,"pivot":{"x":0.6899999976158142,"y":0.20000000298023225,"z":2.369999885559082},"rotation":{"x":-0.23535574972629548,"y":-0.5542781949043274,"z":0.1671011596918106,"w":-0.7806795835494995},"size":0.28578832745552065,"orthographic":false}